time,blank,B3,B4,B5,B6,B7,B8,B9,B10
0.0,0.10506666451692581,0.11320000141859055,0.10320000350475311,0.1046999990940094,0.10670000314712524,0.10890000313520432,0.10970000177621841,0.10760000348091125,0.10899999737739563
9.973333333333333,0.10493333389361699,0.11299999803304672,0.10320000350475311,0.1046999990940094,0.10670000314712524,0.10890000313520432,0.10920000076293945,0.10750000178813934,0.1088000014424324
19.973333333333336,0.10483333468437195,0.11330000311136246,0.10360000282526016,0.10520000010728836,0.1071000024676323,0.10939999669790268,0.10970000177621841,0.10809999704360962,0.10949999839067459
29.973333333333336,0.1046999990940094,0.11389999836683273,0.10419999808073044,0.10589999705553055,0.10790000110864639,0.11029999703168869,0.11050000041723251,0.10930000245571136,0.11050000041723251
39.973333333333336,0.10466666519641876,0.11479999870061874,0.10520000010728836,0.10700000077486038,0.10909999907016754,0.11140000075101852,0.11159999668598175,0.11079999804496765,0.1120000034570694
49.975,0.10460000236829121,0.11620000004768372,0.10639999806880951,0.10840000212192535,0.11050000041723251,0.11299999803304672,0.11320000141859055,0.11270000040531158,0.11389999836683273
59.975,0.104633333782355,0.11789999902248383,0.10809999704360962,0.11029999703168869,0.11249999701976776,0.11509999632835388,0.11550000309944153,0.11540000140666962,0.11659999936819077
69.975,0.10460000236829121,0.12030000239610672,0.11029999703168869,0.11289999634027481,0.11509999632835388,0.11789999902248383,0.11840000003576279,0.11879999935626984,0.12020000070333481
79.97666666666667,0.1045000006755193,0.12370000034570694,0.11320000141859055,0.11620000004768372,0.11840000003576279,0.1216999962925911,0.12219999730587006,0.12349999696016312,0.125
89.97666666666667,0.10433333615461986,0.1281999945640564,0.11699999868869781,0.12080000340938568,0.12319999933242798,0.12680000066757202,0.1274999976158142,0.1289999932050705,0.13109999895095825
99.97666666666667,0.10423333446184795,0.13379999995231628,0.12240000069141388,0.12610000371932983,0.12849999964237213,0.13189999759197235,0.13300000131130219,0.13459999859333038,0.13740000128746033
109.97666666666667,0.10416666666666667,0.14000000059604645,0.12759999930858612,0.13169999420642853,0.13439999520778656,0.13830000162124634,0.13979999721050262,0.1420000046491623,0.1454000025987625
119.97833333333332,0.1040999988714854,0.14790000021457672,0.13490000367164612,0.13950000703334808,0.14219999313354492,0.14630000293254852,0.1477999985218048,0.15109999477863312,0.15489999949932098
129.97833333333332,0.1039666657646497,0.15729999542236328,0.14350000023841858,0.148499995470047,0.1527000069618225,0.1559000015258789,0.15770000219345093,0.16189999878406525,0.1657000035047531
139.97833333333335,0.10389999796946843,0.1678999960422516,0.1534000039100647,0.15950000286102295,0.1624000072479248,0.1671999990940094,0.16869999468326569,0.17299999296665192,0.1768999993801117
149.97833333333335,0.10386666407187779,0.17880000174045563,0.16459999978542328,0.17020000517368317,0.1745000034570694,0.17759999632835388,0.17990000545978546,0.1850000023841858,0.18780000507831573
159.98,0.10376666734615962,0.18970000743865967,0.17499999701976776,0.1809999942779541,0.18400000035762787,0.1881999969482422,0.19130000472068787,0.19329999387264252,0.19670000672340393
169.98,0.10379999876022339,0.19789999723434448,0.18559999763965607,0.1899999976158142,0.19249999523162842,0.19629999995231628,0.19859999418258667,0.20069999992847443,0.20589999854564667
179.98,0.1037000020345052,0.2054000049829483,0.19280000030994415,0.19740000367164612,0.20020000636577606,0.2046000063419342,0.20739999413490295,0.21310000121593475,0.21629999577999115
189.98166666666665,0.10373333344856898,0.21539999544620514,0.20180000364780426,0.2070000022649765,0.210099995136261,0.21469999849796295,0.21799999475479126,0.22390000522136688,0.22699999809265137
199.98166666666665,0.10366666813691457,0.22619999945163727,0.21230000257492065,0.2176000028848648,0.22110000252723694,0.22529999911785126,0.2287999987602234,0.23440000414848328,0.23810000717639923
209.98166666666665,0.10363333423932393,0.2370000034570694,0.22290000319480896,0.22840000689029694,0.23199999332427979,0.23669999837875366,0.24089999496936798,0.2451000064611435,0.24819999933242798
219.98166666666665,0.10356666644414265,0.24770000576972961,0.23409999907016754,0.23919999599456787,0.24199999868869781,0.24529999494552612,0.25049999356269836,0.24869999289512634,0.251800000667572
229.98166666666665,0.10356666644414265,0.2517000138759613,0.24140000343322754,0.2442999929189682,0.24619999527931213,0.24869999289512634,0.2538999915122986,0.25270000100135803,0.2563999891281128
239.98333333333332,0.10350000113248825,0.2551000118255615,0.2442999929189682,0.24709999561309814,0.24979999661445618,0.2524000108242035,0.2587999999523163,0.2574999928474426,0.26100000739097595
249.98333333333332,0.10340000192324321,0.2590000033378601,0.24869999289512634,0.2513999938964844,0.25440001487731934,0.257099986076355,0.2644999921321869,0.26249998807907104,0.265500009059906
259.98333333333335,0.10340000192324321,0.26339998841285706,0.2531999945640564,0.2563000023365021,0.2590999901294708,0.26179999113082886,0.2696000039577484,0.2671000063419342,0.2703000009059906
269.985,0.10333333412806193,0.2676999866962433,0.257999986410141,0.2612999975681305,0.26350000500679016,0.2667999863624573,0.27469998598098755,0.27160000801086426,0.2745000123977661
279.98499999999996,0.1031666671236356,0.2721000015735626,0.26260000467300415,0.2669999897480011,0.26840001344680786,0.27070000767707825,0.2791999876499176,0.2754000127315521,0.2786000072956085
289.98499999999996,0.1031666671236356,0.27639999985694885,0.2669000029563904,0.27149999141693115,0.2727000117301941,0.2754000127315521,0.2831999957561493,0.2782000005245209,0.2824999988079071
299.98499999999996,0.10309999932845433,0.2809000015258789,0.27090001106262207,0.27549999952316284,0.27639999985694885,0.27889999747276306,0.2865999937057495,0.28139999508857727,0.2858000099658966
309.9866666666667,0.10306666791439056,0.28349998593330383,0.27489998936653137,0.27810001373291016,0.2809999883174896,0.28299999237060547,0.28859999775886536,0.2825999855995178,0.28839999437332153
319.9866666666667,0.10303333401679993,0.2863999903202057,0.2800000011920929,0.2809000015258789,0.2840999960899353,0.28600001335144043,0.2897999882698059,0.2831000089645386,0.29019999504089355
329.9866666666667,0.10296666622161865,0.28839999437332153,0.28380000591278076,0.2824000120162964,0.28700000047683716,0.29030001163482666,0.29100000858306885,0.2840999960899353,0.2922999858856201
339.98833333333334,0.10296666622161865,0.29190000891685486,0.2872999906539917,0.28610000014305115,0.2903999984264374,0.29409998655319214,0.2921999990940094,0.28540000319480896,0.2928999960422516
349.98833333333334,0.10289999842643738,0.2962999939918518,0.29159998893737793,0.29030001163482666,0.2930000126361847,0.29980000853538513,0.2935999929904938,0.2865999937057495,0.29319998621940613
359.98833333333334,0.10289999842643738,0.2994999885559082,0.299699991941452,0.29339998960494995,0.2985999882221222,0.301800012588501,0.29490000009536743,0.289000004529953,0.2937000095844269
369.98833333333334,0.10283333311478297,0.30219998955726624,0.3018999993801117,0.2996000051498413,0.30140000581741333,0.30480000376701355,0.2964000105857849,0.2919999957084656,0.29319998621940613
379.99,0.10279999921719234,0.30480000376701355,0.3034000098705292,0.3012999892234802,0.30480000376701355,0.30720001459121704,0.29820001125335693,0.2921000123023987,0.2930999994277954
389.99,0.10276666780312856,0.3059000074863434,0.3075000047683716,0.2994000017642975,0.30709999799728394,0.3084999918937683,0.3000999987125397,0.2944999933242798,0.29249998927116394
399.99,0.10276666780312856,0.3061000108718872,0.30959999561309814,0.2985000014305115,0.311599999666214,0.30889999866485596,0.3003999888896942,0.2969000041484833,0.2930000126361847
409.9916666666667,0.10266666859388351,0.30640000104904175,0.3089999854564667,0.29980000853538513,0.3109000027179718,0.30869999527931213,0.30149999260902405,0.29840001463890076,0.29350000619888306
419.9916666666667,0.10266666859388351,0.3084999918937683,0.310699999332428,0.29980000853538513,0.31130000948905945,0.3089999854564667,0.3028999865055084,0.2994999885559082,0.2939999997615814
429.9916666666667,0.10260000079870224,0.30880001187324524,0.3100000023841858,0.2996000051498413,0.3111000061035156,0.31029999256134033,0.3034000098705292,0.3001999855041504,0.29429998993873596
439.9916666666667,0.10260000079870224,0.3091999888420105,0.3107999861240387,0.30090001225471497,0.3102000057697296,0.3093000054359436,0.30469998717308044,0.3001999855041504,0.2944999933242798
449.9916666666667,0.1025666669011116,0.3093999922275543,0.3100999891757965,0.3009999990463257,0.31029999256134033,0.3100999891757965,0.3046000003814697,0.29980000853538513,0.29409998655319214
459.9933333333333,0.1025666669011116,0.3095000088214874,0.31029999256134033,0.3009999990463257,0.31029999256134033,0.31040000915527344,0.3046000003814697,0.29989999532699585,0.2939000129699707
469.9933333333333,0.10249999910593033,0.3093000054359436,0.31040000915527344,0.3009999990463257,0.3100999891757965,0.3102000057697296,0.30379998683929443,0.29919999837875366,0.2930000126361847
479.9933333333333,0.10243333131074905,0.3089999854564667,0.3102000057697296,0.30090001225471497,0.31060001254081726,0.3107999861240387,0.30320000648498535,0.2989000082015991,0.2919999957084656
489.995,0.10239999741315842,0.3086000084877014,0.3098999857902527,0.30079999566078186,0.3107999861240387,0.3109999895095825,0.30250000953674316,0.298799991607666,0.29159998893737793
499.995,0.10239999741315842,0.3086000084877014,0.3093000054359436,0.30079999566078186,0.3107999861240387,0.31130000948905945,0.30140000581741333,0.2980000078678131,0.29010000824928284
509.995,0.10233333210150401,0.3082999885082245,0.3093000054359436,0.30059999227523804,0.310699999332428,0.31130000948905945,0.3003000020980835,0.29750001430511475,0.28929999470710754
519.995,0.10230000068744023,0.3077999949455261,0.3093000054359436,0.3005000054836273,0.3109000027179718,0.31139999628067017,0.29899999499320984,0.296999990940094,0.2881999909877777
529.9966666666667,0.1022666667898496,0.3066999912261963,0.30889999866485596,0.3003000020980835,0.3109000027179718,0.3109999895095825,0.29760000109672546,0.296099990606308,0.2872999906539917
539.9966666666667,0.10223333537578583,0.3059999942779541,0.30799999833106995,0.3005000054836273,0.3100999891757965,0.310699999332428,0.29589998722076416,0.29499998688697815,0.28619998693466187
549.9966666666667,0.10216666758060455,0.3050000071525574,0.30730000138282776,0.30000001192092896,0.3093000054359436,0.30959999561309814,0.29490000009536743,0.2939999997615814,0.2851000130176544
559.9966666666667,0.10216666758060455,0.30390000343322754,0.3061999976634979,0.30000001192092896,0.3084999918937683,0.30889999866485596,0.2935999929904938,0.2930000126361847,0.28369998931884766
569.9983333333333,0.10209999978542328,0.3027999997138977,0.305400013923645,0.29919999837875366,0.3068999946117401,0.30799999833106995,0.29249998927116394,0.29100000858306885,0.2825999855995178
579.9983333333333,0.10206666588783264,0.30149999260902405,0.3043999969959259,0.29829999804496765,0.3061000108718872,0.30709999799728394,0.2913999855518341,0.2897000014781952,0.2815999984741211
589.9983333333333,0.102033331990242,0.3001999855041504,0.30320000648498535,0.29739999771118164,0.3050000071525574,0.3057999908924103,0.29019999504089355,0.289000004529953,0.2802000045776367
600.0,0.10196666419506073,0.2989000082015991,0.30219998955726624,0.29660001397132874,0.303600013256073,0.3043999969959259,0.28929999470710754,0.2874999940395355,0.2791999876499176
610.0,0.10196666419506073,0.2973000109195709,0.3005000054836273,0.2957000136375427,0.30239999294281006,0.30320000648498535,0.28839999437332153,0.28630000352859497,0.27799999713897705
620.0,0.10193333278099696,0.2957000136375427,0.2994000017642975,0.2946999967098236,0.30090001225471497,0.3018999993801117,0.2874999940395355,0.28529998660087585,0.27709999680519104
630.0,0.10190000136693318,0.2946999967098236,0.29739999771118164,0.29319998621940613,0.2996000051498413,0.30070000886917114,0.2867000102996826,0.28439998626708984,0.2759999930858612
640.0016666666667,0.10190000136693318,0.2930000126361847,0.29660001397132874,0.2919999957084656,0.2985000014305115,0.29919999837875366,0.2856000065803528,0.2833999991416931,0.275299996137619
650.0016666666667,0.1017666682600975,0.29179999232292175,0.2953999936580658,0.2906999886035919,0.296999990940094,0.2978000044822693,0.28519999980926514,0.2822999954223633,0.2741999924182892
660.0016666666667,0.10176666577657063,0.2906999886035919,0.2939000129699707,0.2896000146865845,0.2957000136375427,0.29649999737739563,0.2840999960899353,0.28139999508857727,0.27379998564720154
670.0016666666667,0.10166666656732559,0.28940001130104065,0.29280000925064087,0.2883000075817108,0.29420000314712524,0.2953999936580658,0.2833000123500824,0.28060001134872437,0.27250000834465027
680.0033333333333,0.10170000046491623,0.2881999909877777,0.2913999855518341,0.2872999906539917,0.2930999994277954,0.29420000314712524,0.28299999237060547,0.2799000144004822,0.2720000147819519
690.0033333333333,0.10159999877214432,0.28679999709129333,0.2903999984264374,0.2858000099658966,0.29190000891685486,0.2928999960422516,0.28220000863075256,0.2791999876499176,0.27140000462532043
700.0033333333333,0.10163333266973495,0.2854999899864197,0.28940001130104065,0.2849000096321106,0.29089999198913574,0.29159998893737793,0.28200000524520874,0.2784999907016754,0.2703999876976013
710.0033333333333,0.10159999877214432,0.28450000286102295,0.2883000075817108,0.2833999991416931,0.2896000146865845,0.2904999852180481,0.28139999508857727,0.27799999713897705,0.27000001072883606
720.005,0.10153333346048991,0.28360000252723694,0.2872999906539917,0.2824999988079071,0.28870001435279846,0.2896000146865845,0.28060001134872437,0.27720001339912415,0.26899999380111694
730.005,0.10150000204642613,0.2831000089645386,0.28600001335144043,0.2815000116825104,0.2874000072479248,0.28850001096725464,0.2800000011920929,0.2766999900341034,0.26829999685287476
740.005,0.1014666681488355,0.28209999203681946,0.2851000130176544,0.28029999136924744,0.28679999709129333,0.28769999742507935,0.27959999442100525,0.27619999647140503,0.2678000032901764
750.0066666666667,0.1014666681488355,0.28139999508857727,0.2838999927043915,0.2793000042438507,0.2858999967575073,0.2865999937057495,0.2791000008583069,0.2754000127315521,0.2669999897480011
760.0066666666667,0.10136666645606358,0.2809999883174896,0.2833000123500824,0.2782999873161316,0.2847999930381775,0.2856999933719635,0.2784000039100647,0.27489998936653137,0.2662999927997589
770.0066666666667,0.10133333255847295,0.2800999879837036,0.28200000524520874,0.27720001339912415,0.28380000591278076,0.2847999930381775,0.27810001373291016,0.2741999924182892,0.26600000262260437
780.0066666666667,0.10133333255847295,0.2797999978065491,0.28110000491142273,0.27649998664855957,0.28290000557899475,0.28380000591278076,0.27730000019073486,0.27379998564720154,0.26510000228881836
790.0083333333333,0.10130000114440918,0.27900001406669617,0.28060001134872437,0.27549999952316284,0.2822999954223633,0.28299999237060547,0.2770000100135803,0.2732999920845032,0.2646999955177307
800.0083333333333,0.10126666724681854,0.27810001373291016,0.27950000762939453,0.27459999918937683,0.28119999170303345,0.2824000120162964,0.27639999985694885,0.272599995136261,0.2639000117778778
810.0083333333333,0.10119999945163727,0.2775000035762787,0.27889999747276306,0.27379998564720154,0.28040000796318054,0.2815999984741211,0.2757999897003174,0.2718999981880188,0.26330000162124634
820.0083333333333,0.10116666555404663,0.2768999934196472,0.2782000005245209,0.27309998869895935,0.27959999442100525,0.28060001134872437,0.2754000127315521,0.271699994802475,0.2628999948501587
830.01,0.10119999945163727,0.2759999930858612,0.2775000035762787,0.27219998836517334,0.27889999747276306,0.2799000144004822,0.27489998936653137,0.2712000012397766,0.2624000012874603
840.01,0.10116666555404663,0.2750999927520752,0.2768000066280365,0.27149999141693115,0.27790001034736633,0.27900001406669617,0.27459999918937683,0.27059999108314514,0.26179999113082886
850.01,0.101133331656456,0.27459999918937683,0.2759999930858612,0.27059999108314514,0.27730000019073486,0.2784999907016754,0.2741999924182892,0.27000001072883606,0.2612999975681305
860.0116666666667,0.10110000024239223,0.27399998903274536,0.2754000127315521,0.26980000734329224,0.2766000032424927,0.27790001034736633,0.2736999988555908,0.2694999873638153,0.26080000400543213
870.0116666666667,0.10106666634480159,0.2736000120639801,0.27480000257492065,0.2689000070095062,0.27570000290870667,0.27730000019073486,0.2732999920845032,0.26930001378059387,0.2603999972343445
880.0116666666667,0.10103333244721095,0.2727999985218048,0.27390000224113464,0.26820001006126404,0.27480000257492065,0.27649998664855957,0.2727000117301941,0.2689000070095062,0.2597000002861023
890.0133333333334,0.10099999854962032,0.27230000495910645,0.2732999920845032,0.26750001311302185,0.27410000562667847,0.2757999897003174,0.27230000495910645,0.26820001006126404,0.25920000672340393
900.0133333333334,0.10096666465202968,0.27160000801086426,0.2727999985218048,0.2667999863624573,0.2732999920845032,0.27489998936653137,0.2718999981880188,0.2678000032901764,0.25859999656677246
910.0133333333334,0.1008999968568484,0.2711000144481659,0.2718999981880188,0.2660999894142151,0.27239999175071716,0.2743000090122223,0.27140000462532043,0.267300009727478,0.257999986410141
920.0133333333334,0.10086666544278462,0.27090001106262207,0.27129998803138733,0.2653999924659729,0.2718999981880188,0.2734000086784363,0.2711000144481659,0.2667999863624573,0.2574999928474426
930.0133333333334,0.10080000261465709,0.27000001072883606,0.2705000042915344,0.26429998874664307,0.27129998803138733,0.2727000117301941,0.27079999446868896,0.26669999957084656,0.2572000026702881
940.015,0.10073333481947581,0.2694000005722046,0.2700999975204468,0.2637999951839447,0.27059999108314514,0.27219998836517334,0.2703000009059906,0.2662000060081482,0.2563999891281128
950.015,0.10073333481947581,0.26910001039505005,0.2696000039577484,0.2630999982357025,0.27000001072883606,0.2718000113964081,0.26969999074935913,0.26579999923706055,0.25600001215934753
